Sector,Portfolio Return,Portfolio Weight,Benchmark Return,Avg Benchmark Weight*,Selection,Allocation,Portfolio Weighted Return,Benchmark Weighted Return*
SPY,0.005503090680203462,0.6084351177766784,0.0077809159783872595,0.6,-0.0013859089035751565,-7.697748077906718e-05,0.003348273626145334,0.004668549587032355
46323,0.04607658769490259,0.39156488222332164,0.030401987629833593,0.4,0.006137622928376411,-0.00011383392283556315,0.018041973634007082,0.012160795051933439
